μικρογραφία,εικόνα,συντεταγμένες,τίτλος,περιγραφή,χώρος,χρόνος,τομέας,κατηγορία,υποκατηγορία,λέξεις-κλειδιά
https://www.learn4change.gr/files/statues-photos/thumbnails/rosos.png,https://www.learn4change.gr/files/statues-photos/800px/rosos.jpg,"40.78218222154246, 21.405155234346726",ΡΩΣΟΣ ΣΤΡΑΤΙΩΤΗΣ,"Μνημείο αφιερωμένο στους πεσόντες Ρώσους Στρατιώτες στον Α' Παγκόσμιο Πόλεμο στην Φλώρινα. Παρουσιάζει Ρώσο Στρατιώτη, φέροντα την παραδοσιακή πολεμική στολή των Ρώσων Στρατιωτών του Α’ Παγκοσμίου Πολέμου. Έχει σακίδιο στην πλάτη, στο δεξί του χέρι κρατά μεγάλο τουφέκι με εφ’ όπλου λόγχη τοποθετημένο όρθιο στο έδαφος, ενώ στο αριστερό του χέρι κρατά το πηλήκιό του.",Βρίσκεται στην Πλατεία Μαραθώνος και έχει όψη προς τα ανατολικά.,2015-12-19,Ανθρωπογενή,Μνημεία,Ενοπλη βία,Α' Παγκόσμιος πόλεμος
http://www.learn4change.gr/files/statues-photos/thumbnails/malexandros1.png,http://www.learn4change.gr/files/statues-photos/800px/malexandros1.jpg,"40.78449473203348, 21.40615354484291",ΜΕΓΑΣ ΑΛΕΞΑΝΔΡΟΣ 1,"Ο Μέγας Αλέξανδρος (Αρχαία Πέλλα, Ιούλιος 356 π.Χ. - Βαβυλώνα, 10 Ιουνίου 323 π.Χ.), κοινώς γνωστός ως Αλέξανδρος ο Μέγας ή Αλέξανδρος Γ΄ ο Μακεδών, ήταν Έλληνας Βασιλεύς του Βασιλείου της Μακεδονίας, αυτοκράτορας της Μακεδονικής αυτοκρατορίας (μετά την εκστρατεία του) και μέλος της δυναστείας των Αργεαδών. Ήταν ο ηγεμόνας της Πανελλήνιας Συμμαχίας κατά της Αχαιμενιδικής αυτοκρατορίας. Οι κατακτήσεις αποτέλεσαν τον θεμέλιο λίθο της Ελληνιστικής εποχής των βασιλείων των Διαδόχων και Επιγόνων του.","Βρίσκεται στο φουαγέ του Πολιτιστικού Κέντρου Φλώρινας, απέναντι από την είσοδο και αριστερά του ανάγλυφου που απεικονίζει τον Αριστοτέλη να διδάσκει τον Μέγα Αλέξαντρο.",1969-07-01,Ανθρωπογενή,Μνημεία,Πολιτική,Βασιλιάς
http://www.learn4change.gr/files/statues-photos/thumbnails/malexandros.png,http://www.learn4change.gr/files/statues-photos/800px/malexandros.jpg,"40.803065864892474, 21.426323421343024",ΜΕΓΑΣ ΑΛΕΞΑΝΔΡΟΣ 2,Η τοιχογραφία απεικονίζει τον Μέγα Αλέξανδρο καβάλα στον Βουκεφάλα να εφορμά κατά του Δαρείου στη Μάχη της Ισσού. Είναι λεπτομέρεια από το περίφημο ψηφιδωτό του 2ου αιώνα π.Χ. που βρέθηκε στην «Οικία του Φαύνου» στην Πομπηία.,Βρίσκεται στην είσοδο του Δημοτικού Αθλητικού Κέντρου (Δ.Α.Κ.) Φλώρινας.,2021-08-15,Ανθρωπογενή,Μνημεία,Πολιτική,Βασιλιάς
http://www.learn4change.gr/files/statues-photos/thumbnails/genoktonia.png,http://www.learn4change.gr/files/statues-photos/800px/genoktonia.jpg,"40.78179, 21.401338",ΓΕΝΟΚΤΟΝΙΑ ΕΛΛΗΝΩΝ ΤΟΥ ΠΟΝΤΟΥ,"Η Γενοκτονία των Ελλήνων του Πόντου αναφέρεται σε σφαγές και εκτοπισμούς εναντίον ελληνικών πληθυσμών στην περιοχή του Πόντου, που πραγματοποιήθηκαν από το κίνημα των Νεότουρκων κατά την περίοδο 1914-1923. Εκτιμάται ότι στοίχισε τη ζωή περίπου 326.000-382.000 Ελλήνων. Οι επιζώντες κατέφυγαν στην ΕΣΣΔ και στην Ελλάδα. Το 1994, η Βουλή των Ελλήνων αναγνώρισε τη Γενοκτονία και ψήφισε την ανακήρυξη της 19ης Μαϊου ως «Ημέρα Μνήμης της Γενοκτονίας των Ελλήνων του Πόντου».","Το μνημείο βρίσκεται στη βορειοδυτική γωνία της Πλατείας Μητροπολίτου Τραπεζούντος Χρυσάνθου, με πρόσοψη βόρεια προς τη λεωφόρο Κ. Καραμανλή, απέναντι από το 1ο Λύκειο Φλώρινας. Επί της λεωφόρου Κ. Καραμανλή βρίσκονται δύο προτομές μακεδονομάχων, του Ζώη και του Σούλιου, δύο μνημεία, για τη Γενοκτονία των Ποντίων και την Ελληνική Χωροφυλακή και η προτομή του Καστρισιανάκη, νεκρού του Εμφυλίου πολέμου.",1996-05-15,Ανθρωπογενή,Μνημεία,Γενικές έννοιες,Γενοκτονία
http://www.learn4change.gr/files/statues-photos/thumbnails/kontopoulos.png,http://www.learn4change.gr/files/statues-photos/800px/kontopoulos.jpg,"40.778389, 21.3889",ΚΟΝΤΟΠΟΥΛΟΣ ΙΩΑΝΝΗΣ,"Ο Ιωάννης Κοντόπουλος (1890-1929) γεννήθηκε στο χωριό Βίτσα Ιωαννίνων, σπούδασε γεωπονία και υπηρέτησε ως νομογεωπόνος στη Φλώρινα από το 1922. Ίδρυσε τον Δενδροκομικό Σταθμό, που αργότερα εξελίχθηκε σε Γεωργική Σχολή. ",Βρίσκεται στον αύλειο χώρο κτιρίων της Σχολής Γεωπονικών Επιστημών και κοιτάζει προς τα δυτικά.,1968-07-01,Ανθρωπογενή,Μνημεία,Γράμματα - επιστήμες - τέχνες,Γεωπονία
https://www.learn4change.gr/files/statues-photos/thumbnails/souliotis.png,https://www.learn4change.gr/files/statues-photos/800px/souliotis.jpg,"40.8018214008686, 21.42314876530249",ΣΟΥΛΙΩΤΗΣ ΜΙΜΗΣ,"Ο Μίμης Σουλιώτης (1949 - 2012) ήταν Έλληνας συγγραφέας, ποιητής, εκδότης και πανεπιστημιακός. Ίδρυσε το Βαλκανικό Άσυλο Ποίησης στις Πρέσπες και οργάνωσε το πρώτο πρόγραμμα δημιουργικής γραφής στην Ελλάδα. Δίδαξε στην Παιδαγωγική Σχολή Φλώρινας και σε άλλα πανεπιστήμια της Ελλάδας και της Κύπρου.","Η προτομή είναι τοποθετημένη εσωτερικά στο κτίριο της Σχολής Ανθρωπιστικών Επιστημών, δεξιά από την είσοδο της Βιβλιοθήκης και κοιτάζει νότια. Εντός του κτιρίου, έξω από το μεγάλο αμφιθέατρο βρίσκεται η προτομή του Μ. Σαρρή.",2014-07-01,Ανθρωπογενή,Μνημεία,Γράμματα - επιστήμες - τέχνες,Γλώσσα
http://www.learn4change.gr/files/statues-photos/thumbnails/agrotes.png,http://www.learn4change.gr/files/statues-photos/800px/agrotes.jpg,"40.778811, 21.387334",ΑΓΡΟΤΕΣ,Μνημείο αφιερωμένο στους αγρότες και τις αγρότισσες.,"Ζωγραφική αναπαράσταση αναρτημένη στον βορεινό τοίχο του Κέντρου <i>Δήμητρα</i>, στα δυτικά της πόλης απέναντι από την είσοδο του κεντρικού κτιρίου της Σχολής Γεωπονικών Επιστημών.",1977-07-01,Ανθρωπογενή,Μνημεία,Γενικές έννοιες,Εκπαίδευση
http://www.learn4change.gr/files/statues-photos/thumbnails/kastanos.png,http://www.learn4change.gr/files/statues-photos/800px/kastanos.jpg,"40.778655, 21.392813",ΚΑΣΤΑΝΟΣ ΘΕΟΔΩΡΟΣ,"<p>Ο Θεόδωρος Κάστανος, του Ιωάννη και της Αικατερίνης, γεννήθηκε το 1888 στον Βροντάδο της Χίου. Καθώς οι γονείς και τα δυο του αδέλφια μεταναστεύουν στην Αυστραλία για οικονομικούς λόγους, ο Θεόδωρος μεγαλώνει με τη γιαγιά του και την οικογένεια του θείου. Τελειώνει το δημοτικό σχολείο του Βροντάδου το 1897/8 και το Ελληνικό Σχολείο το 1900. Συνεχίζει στο Γυμνάσιο της Χίου, απ’ όπου αποφοιτά το 1905 και στη συνέχεια μεταναστεύει στην Αίγυπτο για δυο περίπου χρόνια. Όταν επιστρέφει, εργάζεται ως δάσκαλος σε δημοτικά σχολεία της Χίου (Παρπαριά και Βίκι) μέχρι το 1912, ενώ μετά την απελευθέρωση της Χίου τον Νοέμβριο του 1912 κατατάσσεται ως εθελοντής στον ελληνικό στρατό και πολεμά στους Βαλκανικούς πολέμους. Κατόπιν λαμβάνει υποτροφία και μεταβαίνει στη Γερμανία για ανώτερες σπουδές: παιδαγωγική και φιλοσοφία στο πανεπιστήμιο της Ιένας (1913-1915), φιλοσοφία, παιδαγωγική και πειραματική ψυχολογία στο πανεπιστήμιο του Βερολίνου (1915-1918). Θα ανακηρυχθεί διδάκτορας φιλοσοφίας τον Νοέμβριο του 1919 και θα επιστρέψει στην Ελλάδα στις αρχές του 1920.</p><p>Τον Σεπτέμβριο του 1920 διορίζεται καθηγητής Παιδαγωγικών στο Διδασκαλείο Θηλέων Θεσσαλονίκης και την επόμενη χρονιά αναλαμβάνει τη θέση του διευθυντή στα Αρχιγένεια Εκπαιδευτήρια των Επιβατών της Ανατολικής Θράκης. Τον Σεπτέμβριο του 1922 συγχωνεύει και διευθύνει τα Αρχιγένεια Εκπαιδευτήρια και το Ζάππειο Ανώτερο Παρθεναγωγείο Αδριανουπόλεως με έδρα την Παλαιά Ορεστιάδα. Στη συνέχεια, μεταφέρει τα δύο εκπαιδευτικά ιδρύματα στην Αλεξανδρούπολη, όπου το 1923, μετά από προσωπικό του αγώνα, ιδρύεται το Διδασκαλείο Αλεξανδρούπολης το οποίο διευθύνει ως το 1925. Κατόπιν υπηρετεί ως διευθυντής στα Μονοτάξια Διδασκαλεία Καστοριάς (1925-1927) και Καρπενησίου (1927-1929) και το 1929 μετατίθεται στο Διδασκαλείο της Φλώρινας, όπου αρχικά υπηρετεί ως διευθυντής και κατόπιν ως υποδιευθυντής.</p><p>Στη Φλώρινα θα κορυφωθεί το εκπαιδευτικό του έργο, τόσο στο Διδασκαλείο και στα προσαρτημένα σε αυτό Πρότυπα Δημοτικά Σχολεία, όσο και με τη συμμετοχή του στα τοπικά εκπαιδευτικά συνέδρια της δημοτικής εκπαίδευσης, τη συνεργασία του με τους δασκάλους των σχολείων, τα άρθρα και τα δυο του βιβλία, Το Σχολείο Εργασίας στη θεωρία και στην πράξη (1929) και Η Απολογία του Σχολείου Εργασίας (1931), καθώς και με την έκδοση του περιοδικού Σχολείο Εργασίας. Εκτός από τη δράση του στα εκπαιδευτικά πράγματα, θα αναλάβει πρωτοβουλία για τη διάδοση των αθλημάτων της αντισφαίρισης (τένις) και της επιτραπέζιας αντισφαίρισης (πινγκ-πονγκ). Θα αναπτύξει φιλίες, όπως με τον Γιάννη Καλαϊτζίδη, δάσκαλο και κάτοικο Κάτω Κλεινών, συνεργάτη του στην έκδοση του περιοδικού και θα κάνει κουμπαριά με τον δάσκαλο της Βεύης Ιωάννη Κακαβά βαφτίζοντας τον γιο του.</p><p>Το μεταρρυθμιστικό εκπαιδευτικό του έργο, βασισμένο στις αρχές του εκπαιδευτικού δημοτικισμού και της Νέας Αγωγής, θα προκαλέσει την αντίδραση των αδρανών εκπαιδευτικών δυνάμεων. Θα του προσάψουν τις κατηγορίες του άθεου, του κομμουνιστή, του ανήθικου, του αντεθνικού και του «μαλλιαρού». Ο Κάστανος θα συνεχίσει να απαντά με το έργο του, αλλά το ψυχοσυναισθηματικό βάρος θα τον οδηγήσει στον θάνατο στις 12 Φεβρουαρίου 1932. Τάφηκε στο κοιμητήριο του Αγίου Γεωργίου της Φλώρινας.</p>","Η προτομή είναι τοποθετημένη εσωτερικά, στον διάδρομο του 5ου Δημοτικού Σχολείου Φλώρινας και κοιτάζει νότια.",2016-03-01,Ανθρωπογενή,Μνημεία,Γράμματα - επιστήμες - τέχνες,Εκπαίδευση
http://www.learn4change.gr/files/statues-photos/thumbnails/malexandros2.png,http://www.learn4change.gr/files/statues-photos/800px/malexandros2.jpg,"40.7845013557843, 21.406190106705406",ΜΕΓΑΣ ΑΛΕΞΑΝΔΡΟΣ ΔΙΔΑΣΚΕΤΑΙ ΑΠΟ ΤΟΝ ΑΡΙΣΤΟΤΕΛΗ,Ο Μέγας Αλέξανδρος Διδάσκεται από τον Αριστοτέλη,"Βρίσκεται στο φουαγέ του Πολιτιστικού Κέντρου Φλώρινας, απέναντι από την είσοδο.",1969-07-01,Ανθρωπογενή,Μνημεία,Γράμματα - επιστήμες - τέχνες,Εκπαίδευση
https://www.learn4change.gr/files/statues-photos/thumbnails/sarris.png,https://www.learn4change.gr/files/statues-photos/800px/sarris.jpg,"40.801382033484174, 21.42302899529504",ΣΑΡΡΗΣ ΜΑΝΟΛΗΣ,"Ο Μανόλης Σαρρής (1899 - 1977) καταγόταν από τον Μαραθόκαμπο της Σάμου. Σπούδασε στο Ιεροδιδασκαλείο και στο τριτάξιο Διδασκαλείο Αρρένων Σάμου, παρακολούθησε τη διετή μετεκπαίδευση των δημοδιδασκάλων στο Πανεπιστήμιο Αθηνών (1924-1926) και ολοκλήρωσε τις μεταπτυχιακές σπουδές του στη Γερμανία, όπου αναγορεύτηκε διδάκτορας (1927-1931). Υπηρέτησε ως δάσκαλος σε δημοτικά σχολεία και αργότερα, μετά τις σπουδές του στη Γερμανία, ως καθηγητής στο Ιεροδιδασκαλείο Βελλάς Ιωαννίνων, στη Μέση Ανατολή όπου είχε διαφύγει κατά τη διάρκεια της Κατοχής, κατόπιν στη Γερμανία και στη συνέχεια ως υποδιευθυντής και διευθυντής στην Παιδαγωγική Ακαδημία Φλώρινας την περίοδο 1951-1956, στη Ζαρίφειο Παιδαγωγική Ακαδημία Αλεξανδρούπολης 1956-1963 και ως διευθυντής της Μαρασλείου Παιδαγωγικής Ακαδημίας Αθηνών 1963-1966.<br>Εκτός από το παιδαγωγικό του έργο, ο Σαρρής οργάνωσε βιβλιοθήκες, σπουδαστικά συσσίτια και οικοτροφεία, εκπόνησε έρευνες, συνέγραψε βιβλία και επιστημονικά άρθρα και εξέδωσε τα παιδαγωγικά περιοδικά «Νέος Δάσκαλος» και «Φάρος Νέος Δάσκαλος».<br>Βιβλιογραφία: Θωίδη - Βασιλειάδη Λίνα, Θωίδης Δημήτρης, 2000, Μανόλης Γ. Σαρρής - Ο παιδαγωγός και ο άνθρωπος, Θεσσαλονίκη: Αφοί Κυριακίδη. ","Η προτομή είναι τοποθετημένη εσωτερικά στο κτίριο της Σχολής Ανθρωπιστικών Επιστημών, έξω από το μεγάλο αμφιθέατρο και κοιτάζει βόρεια. Εντός του κτιρίου, μπροστά από τη βιβλιοθήκη βρίσκεται η προτομή του Μ. Σουλιώτη.",2002-07-01,Ανθρωπογενή,Μνημεία,Γράμματα - επιστήμες - τέχνες,Εκπαίδευση
http://www.learn4change.gr/files/statues-photos/thumbnails/paradosi.png,http://www.learn4change.gr/files/statues-photos/800px/paradosi.jpg,"40.778525, 21.405911",ΑΠΕΛΕΥΘΕΡΩΣΗ ΤΗΣ ΦΛΩΡΙΝΑΣ 1912,"Μνημείο αφιερωμένο στην Απελευθέρωση της Φλώρινας από τους Οθωμανούς το 1912. Στο ψηφιδωτό εικονίζεται ιερέας να παραδίδει το κλειδί της πόλης στον αρχιστράτηγο της ελληνικής στρατιάς, διάδοχο Κωνσταντίνο. Πίσω του στέκονται δυο Έλληνες αξιωματικοί, ενώ πίσω από τον ιερέα στέκουν νεαρός άνδρας με ευρωπαϊκή ενδυμασία και ηλικιωμένος Οθωμανός.","Βρίσκεται στον αύλειο χώρο του Μητροπολιτικού Μεγάρου, δεξιά από τις σκάλες και κοιτάζει βόρεια προς την Οδό Μητροπόλεως. Αριστερά από τις σκάλες υπάρχει η προτομή του μητροπολίτη Αυγ. Καντιώτη, ενώ στη νότια πλευρά του ναού του Αγίου Παντελεήμονα υπάρχει άγαλμα ορθόδοξου κληρικού.",2012-11-08,Ανθρωπογενή,Μνημεία,Γενικές έννοιες,Ελευθερία
http://www.learn4change.gr/files/statues-photos/thumbnails/eleftheria.png,http://www.learn4change.gr/files/statues-photos/800px/eleftheria.jpg,"40.778995, 21.407535",ΕΛΕΥΘΕΡΙΑ 1912,Μνημείο αφιερωμένο στην Απελευθέρωση της Φλώρινας από τους Οθωμανούς το 1912.,"Με όψη προς τα ανατολικά, αποτελεί μέρος ενός μνημειακού συνόλου που βρίσκεται στο νότιο - νοτιοδυτικό άκρο της Πλατείας Γ. Μόδη, μαζί με το Μνημείο Πεσόντων 1940-41 και τα Κανόνια.",2012-07-01,Ανθρωπογενή,Μνημεία,Γενικές έννοιες,Ελευθερία
http://www.learn4change.gr/files/statues-photos/thumbnails/1940.png,http://www.learn4change.gr/files/statues-photos/800px/1940.jpg,"40.779057, 21.407421",ΜΝΗΜΕΙΟ ΠΕΣΟΝΤΩΝ 1940-41,Το μνημείο είναι αφιερωμένο στη μνήμη των πεσόντων του Ελληνοϊταλικού πολέμου 1940-1941.,"Με όψη προς τα ανατολικά, αποτελεί μέρος ενός μνημειακού συνόλου που βρίσκεται στο νότιο - νοτιοδυτικό άκρο της Πλατείας Γ. Μόδη, μαζί με τον ανδριάντα για τα Ελευθέρια του 1912 και τα Κανόνια.",2012-07-01,Ανθρωπογενή,Μνημεία,Ενοπλη βία,Ελληνοϊταλικός πόλεμος
http://www.learn4change.gr/files/statues-photos/thumbnails/kanonia.png,http://www.learn4change.gr/files/statues-photos/800px/kanonia.jpg,"40.779055, 21.407373",ΚΑΝΟΝΙΑ,"Τα κανόνια ανήκαν στον Δημοκρατικό Στρατό Ελλάδας. Μετά τη μάχη της Φλώρινας στις 12 Φεβρουαρίου 1949 στην οποία νίκησε ο Εθνικός Στρατός, τα κανόνια περιήλθαν στην κατοχή του ως λάφυρα.","Με όψη προς τα ανατολικά, αποτελεί μέρος ενός μνημειακού συνόλου που βρίσκεται στο νότιο - νοτιοδυτικό άκρο της Πλατείας Γ. Μόδη, μαζί με τον ανδριάντα για τα Ελευθέρια του 1912 και το Μνημείο Πεσόντων 1940-41.",1961-07-01,Ανθρωπογενή,Μνημεία,Ενοπλη βία,Εμφύλιος πόλεμος
http://www.learn4change.gr/files/statues-photos/thumbnails/kastrisianakis.png,http://www.learn4change.gr/files/statues-photos/800px/kastrisianakis.jpg,"40.783263, 21.410656 ",ΚΑΣΤΡΙΣΙΑΝΑΚΗΣ ΧΑΡΑΛΑΜΠΟΣ,"Ο Χαράλαμπος Καστρισιανάκης ήταν αξιωματικός του Εθνικού Στρατού. Τον Φεβρουάριο του 1949 ήρθε στη Φλώρινα όπου γίνονταν μάχες μεταξύ του Εθνικού Στρατού και του Δημοκρατικού Στρατού Ελλάδας (Δ.Σ.Ε.). Ο Καστρισιανάκης έπεσε στο ύψωμα 1033, του οποίου την υπεράσπιση είχε αναλάβει στις 12 Φεβρουαρίου του 1949. Μετά θάνατον, προήχθη στον βαθμό του Λοχαγού.","Βρίσκεται  στην κορυφή της τριγωνικής νησίδας που σχηματίζεται από τις λεωφόρους Κ. Καραμανλή και Μακεδονομάχων και την Οδό Γυμναστηρίου, και κοιτάζει ανατολικά. Επί της λεωφόρου Κ. Καραμανλή βρίσκονται, επίσης, δύο προτομές μακεδονομάχων, του Ζώη και του Σούλιου, δύο μνημεία, για τη Γενοκτονία των Ποντίων και την Ελληνική Χωροφυλακή.",1975-07-01,Ανθρωπογενή,Μνημεία,Ενοπλη βία,Εμφύλιος πόλεμος
http://www.learn4change.gr/files/statues-photos/thumbnails/dse.png,http://www.learn4change.gr/files/statues-photos/800px/dse.jpg,"40.775009, 21.416189 ",ΜΝΗΜΕΙΟ ΜΑΧΗΤΩΝ ΚΑΙ ΜΑΧΗΤΡΙΩΝ Δ.Σ.Ε.,"Μνημείο που ανήγειρε η ΚΕ του ΚΚΕ, προς τιμήν των νεκρών του Δημοκρατικού Στρατού Ελλάδας που σκοτώθηκαν στη μάχη της Φλώρινας τον Φεβρουάριο του 1949. Στο σημείο βρίσκεται ο ομαδικός τάφος 800-850 περίπου μαχητών/τριών.","Βρίσκεται επί της επαρχιακής Οδού Φλώρινας-Κολχικής, αριστερά μετά τα τελευταία σπίτια της πόλης. Έχει όψη προς τα δυτικά. Σε απόσταση 300 μέτρων προς τα δυτικά βρίσκεται το νεκροταφείο και το μνημείο των νεκρών του Εθνικού Στρατού που σκοτώθηκαν κατά τη διάρκεια της Μάχης της Φλώρινας τον Φεβρουάριο του 1949.",2016-02-16,Ανθρωπογενή,Μνημεία,Ενοπλη βία,Εμφύλιος πόλεμος
http://www.learn4change.gr/files/statues-photos/thumbnails/pappous.png,http://www.learn4change.gr/files/statues-photos/800px/pappous.jpg,"40.779451, 21.407422",ΠΑΠΑΔΟΠΟΥΛΟΣ ΝΙΚΟΛΑΟΣ,"Ο Νικόλαος Παπαδόπουλος (1890-1961), γνωστός με το ψευδώνυμο Παππούς, ήταν αξιωματικός του ελληνικού στρατού. Συμμετείχε σε όλες τις πολεμικές συγκρούσεις από τους Βαλκανικούς πολέμους μέχρι και τον Εμφύλιο πόλεμο. Ως επικεφαλής της ΙΙ Μεραρχίας του ελληνικού στρατού απέτρεψε την κατάληψη της πόλης της Φλώρινας από τον Δ.Σ.Ε. νικώντας στη Μάχη της Φλώρινας, στις 12/2/1949.<br>Η προτομή αρχικά είχε τοποθετηθεί στην Πλατεία Σχολείων (σήμερα Εφέδρων Αξιωματικών).","Βρίσκεται στο βόρειο μέρος της Πλατείας Γ. Μόδη, μαζί τις προτομές του Λ. Πύρζα, Ι. Δραγούμη και Γ. Μόδη και έχει όψη προς τα βόρεια, προς την οδό Μεγάλου Αλεξάνδρου.",1964-03-25,Ανθρωπογενή,Μνημεία,Ενοπλη βία,Εμφύλιος πόλεμος
https://www.learn4change.gr/files/statues-photos/thumbnails/stratiotiko_nekrotafeio_1.png,https://www.learn4change.gr/files/statues-photos/800px/stratiotiko_nekrotafeio_1.jpg,"40.77299262027998, 21.412922384128777",ΠΕΣΟΝΤΕΣ Ε.Σ. ΕΜΦΥΛΙΟΥ ΠΟΛΕΜΟΥ,Στο στρατιωτικό νεκροταφείο τα περισσότερα μνήματα ανήκουν σε στρατιώτες του Εθνικού Στρατού που σκοτώθηκαν κατά τη διάρκεια της Μάχης της Φλώρινας τον Φεβρουάριο του 1949. Υπάρχουν και μνήματα πεσόντων από άλλες συμπλοκές και μάχες του Εμφυλίου.,"Βρίσκεται εντός του Στρατιωτικού Νεκροταφείου Φλώρινας, στον δρόμο προς τη Σκοπιά και έχει όψη ανατολικά προς τον κάμπο. Σε απόσταση 300 μέτρων προς τα ανατολικά βρίσκεται το Μνημείο Μαχητών και Μαχητριών του Δημοκρατικού Στρατού Ελλάδας, όπου τάφηκαν σε ομαδικό τάφο οι νεκροί του Δ.Σ.Ε., που σκοτώθηκαν κατά τη διάρκεια της Μάχης της Φλώρινας τον Φεβρουάριο του 1949.",1961-07-01,Ανθρωπογενή,Μνημεία,Ενοπλη βία,Εμφύλιος πόλεμος
http://www.learn4change.gr/files/statues-photos/thumbnails/kanaris.png,http://www.learn4change.gr/files/statues-photos/800px/kanaris.jpg,"40.78204, 21.407568",ΚΑΝΑΡΗΣ ΚΩΝΣΤΑΝΤΙΝΟΣ ,"Ο Κωνσταντίνος Κανάρης (1793-1877) ήταν σπουδαία μορφή του ναυτικού αγώνα κατά την Ελληνική Επανάσταση του 1821 και μετέπειτα ναύαρχος και πολιτικός. Διετέλεσε πέντε φορές πρωθυπουργός της Ελλάδας. Η προτομή αποτελεί δωρεά του Πολεμικού Ναυτικού προς τον Δήμο της Φλώρινας, στο πλαίσιο της Ναυτικής Εβδομάς που πραγματοποιήθηκε στη Φλώρινα κατά το διάστημα 28 Ιουνίου ως 5 Ιουλίου του 1998. Τα αποκαλυπτήρια της προτομής έγιναν από τον αρχηγό του ΓΕΝ Ναύαρχο Ιωαννίδη στις 4 Ιουλίου του 1998.","Βρίσκεται στο κέντρο περίπου του πάρκου του Διοικητηρίου, με κατεύθυνση προς τα νότια. Στην ίδια αυλή υπάρχει το άγαλμα της Αρκούδας και η προτομή του Καπετάν Κώττα.",1998-07-04,Ανθρωπογενή,Μνημεία,Ενοπλη βία,Επανάσταση 1821
http://www.learn4change.gr/files/statues-photos/thumbnails/ergatis.png,http://www.learn4change.gr/files/statues-photos/800px/ergatis.jpg,"40.78179546284862, 21.408326622662518",ΜΝΗΜΕΙΟ ΤΟΥ ΕΡΓΑΤΗ,"Μνημείο αφιερωμένο στους εργάτες. Πρόκειται για μπρούντζινο άγαλμα που απεικονίζει έναν άντρα εργάτη με τραγιάσκα να κρατάει μια βαριοπούλου και να σπάζει βράχους. Το αριστερό του πόδι, μέχρι το μέσον της κνήμης είναι ""βυθισμένο"" στον βράχο.<br>Σε βράχο μπροστά από το άγαλμα υπάρχει χαραγμένη μια στρογγυλή σφραγίδα, περιμετρικά της οποίας αναγράφεται ο τίτλος ""Εργατοϋπαλληλικό Κέντρο Φλώρινας ΕΚΦ"" και στο κέντρο το περίγραμμα ενός σφυριού.","Βρίσκεται στον κυκλικό κόμβο που σχηματίζεται στη διασταύρωση των οδών Στεφάνου Δραγούμη, Αρριανού, Σαρανταπόρου και Λεωφόρου Μακεδονομάχων.",2024-09-20,Ανθρωπογενή,Μνημεία,Γενικές έννοιες,Εργασία
http://www.learn4change.gr/files/statues-photos/thumbnails/sterikas_koulis.png,http://www.learn4change.gr/files/statues-photos/800px/sterikas_koulis.jpg,"40.778226, 21.408191",ΚΟΥΛΗΣ ΣΤΕΡΙΚΑΣ,"Ο ζωγράφος Στέργιος (Στερίκας) Κούλης (1921-1995) γεννήθηκε στην Κορυτσά και το 1922 ήρθε με την οικογένειά του στη Φλώρινα. Σπούδασε φιλοσοφία και παιδαγωγικά. Κατά τη διάρκεια της Κατοχής συμμετείχε στην Εθνική Αντίσταση. Εκτός από τη ζωγραφική, ασχολήθηκε με την ποίηση, το θέατρο, τη σκηνογραφία και τη σκηνοθεσία. Ιδρυτικό μέλος και πρόεδρος της Στέγης Φιλοτέχνων Φλώρινας.","Βρίσκεται έξω από το σπίτι που έμενε, παραποτάμια, στην Οδό Α. Καντιώτη. Κοιτάζει νότια.",2001-07-01,Ανθρωπογενή,Μνημεία,Γράμματα - επιστήμες - τέχνες,Ζωγραφική
http://www.learn4change.gr/files/statues-photos/thumbnails/7iroes.png,http://www.learn4change.gr/files/statues-photos/800px/7iroes.jpg,"40.777901, 21.40413",ΕΠΤΑ ΗΡΩΕΣ,"Η πλατεία που βρίσκεται ανατολικά του κτιρίου του Φ.Σ.Φ. <i>Ο Αριστοτέλης</i>, είναι αφιερωμένη στη μνήμη επτά παιδιών, μαθητών Γυμνασίου και μελών του Αριστοτέλη, που δολοφονήθηκαν από ένοπλα τμήματα του βουλγαρικού στρατού κατοχής στις 17 Ιανουαρίου 1944.","Με όψη προς τα ανατολικά, αποτελεί μέρος μνημειακού συνόλου που βρίσκεται στο ανατολικό μέρος της Πλατείας Επτά Ηρώων, στην αυλή μπροστά από το κτίριο του Φ.Σ.Φ. <i>Ο Αριστοτέλης</i>  και εν μέρει στην Πλατεία, μαζί με τον ανδριάντα του Αριστοτέλη, την προτομή του Θεόδωρου Θωμαΐδη και το άγαλμα του Σακουλέβα, έξω από την αυλή. ",1990-07-01,Ανθρωπογενή,Μνημεία,Γενικές έννοιες,Θυσία
http://www.learn4change.gr/files/statues-photos/thumbnails/roman1.png,http://www.learn4change.gr/files/statues-photos/800px/roman1.jpg,"40.782997, 21.410127",ΕΠΙΤΥΜΒΙΑ ΣΤΗΛΗ 1,"Πιστό αντίγραφο μαρμάρινης επιτύμβιας αετωματικής στήλης με παράσταση από αριστερά προς τα δεξιά, νεαρού δούλου και ιππέα με τον σκύλο του, μπροστά σε καθιστή σε δίφρο γυναίκα. Σε πρώτο επίπεδο βωμός και στο βάθος δέντρο με περιτυλιγμένο γύρω του φίδι. Στο αέτωμα κάνθαρος από τον οποίο βλασταίνουν κισσόφυλλα. 2ος-3ος αι. μ.Χ. Βρέθηκε στη Βεύη. Εκτίθεται στο Αρχαιολογικό Μουσείο Φλώρινας.",Βρίσκεται στο ανατολικό άκρο της νησίδας που εκτείνεται κατά μήκος της βόρειας πλευράς της Λ. Μακεδομάχων με πρόσοψη προς τα ανατολικά. Στο δυτικό άκρο της ίδιας νησίδας βρίσκεται η προτομή του Π. Τσάμη.,2005-11-05,Ανθρωπογενή,Μνημεία,Γράμματα - επιστήμες - τέχνες,Ιστορία
http://www.learn4change.gr/files/statues-photos/thumbnails/roman2.png,http://www.learn4change.gr/files/statues-photos/800px/roman2.jpg,"40.7831, 21.415041",ΕΠΙΤΥΜΒΙΑ ΣΤΗΛΗ 2,"Πιστό αντίγραφο μαρμάρινης ανάγλυφης στήλης με παράσταση τεσσάρων μορφών. Από αριστερά προς τα δεξιά, νέος θωρακοφόρος με δόρυ και ξίφος, γενειοφόρος με ιμάτιο, σκήπτρο και φιάλη σπονδής, γυναίκα με χιτώνα, ιμάτιο, σκήπτρο και φιάλη και μικρότερη γυναικεία μορφή. Μέσα στο αψιδωτό αέτωμα δύο αντωπά φίδια που συγκρατούν με το στόμα τους ένα αυγό. Πιθανότατα οι τρεις αγαλματικές μορφές απεικονίζουν τον Αλέξανδρο Γ΄, τον Φίλιππο Β΄ και την Ολυμπιάδα. Μέσα 3ου αι. μ.Χ. Βρέθηκε στο Σκοπό. Εκτίθεται στο Αρχαιολογικό Μουσείο της Φλώρινας.","Βρίσκεται στην πλατεία Μεγάλου Αλεξάνδρου, αριστερά καθώς μπαίνουμε στην πόλη λίγα μέτρα πριν τον Κύκλο. Κοιτάζει ανατολικά. Στην ίδια Πλατεία βρίσκεται η προτομή του Ε. Βενιζέλου και η Κοντράλτο.",2005-11-05,Ανθρωπογενή,Μνημεία,Γράμματα - επιστήμες - τέχνες,Ιστορία
http://www.learn4change.gr/files/statues-photos/thumbnails/roman3.png,http://www.learn4change.gr/files/statues-photos/800px/roman3.jpg,"40.778581486942436, 21.401552140580094",ΕΠΙΤΥΜΒΙΑ ΣΤΗΛΗ 3,"Πιστό αντίγραφο μαρμάρινης επιτύμβιας στήλης με παράσταση ιππέα δεξιά ενός βωμού, που συμμετέχει σε τελετουργία σπονδής. Αριστερά του βωμού γυναικεία μορφή με οινοχόη και δυο μικρότερες μορφές πίσω της.<br>Η συμμετοχή των μορφών στην τελετουργία της σπονδής δηλώνει την επισφράγιση μιας υποδοχής ή προπομπής. Ο ήρωας νεκρός παρουσιάζεται στο τέλος ενός ταξιδιού και σπένδει για να ανταποδώσει τον χαιρετισμό σ' αυτούς που τον καλωσορίζουν.<br>Περίπου 330 π.Χ.<br>Αρ. Μουσείου Φλώρινας 104.",Βρίσκεται στην αυλή του Δημαρχιακού Μεγάρου της πόλης με πρόσοψη προς τα δυτικά.,2005-07-01,Ανθρωπογενή,Μνημεία,Γράμματα - επιστήμες - τέχνες,Ιστορία
http://www.learn4change.gr/files/statues-photos/thumbnails/kantiotis.png,http://www.learn4change.gr/files/statues-photos/800px/kantiotis.jpg,"40.778505, 21.40581",ΜΗΤΡΟΠΟΛΙΤΗΣ ΑΥΓΟΥΣΤΙΝΟΣ,"Ο Αυγουστίνος Καντιώτης (1907-2010) ήταν μητροπολίτης Φλωρίνης, Πρεσπών και Εορδαίας από το 1967 έως το 2000, όταν και παραιτήθηκε για λόγους υγείας.","Βρίσκεται στον αύλειο χώρο του Μητροπολιτικού Μεγάρου, αριστερά από τις σκάλες και κοιτάζει βόρεια προς την οδό Μητροπόλεως. Δεξιά από τις σκάλες υπάρχει αναθηματικός τοίχος για την Απελευθέρωση της Φλώρινας, ενώ στη νότια πλευρά του ναού του Αγίου Παντελεήμονα υπάρχει άγαλμα ορθόδοξου κληρικού.",2013-07-01,Ανθρωπογενή,Μνημεία,Λατρεία,Κληρικός
http://www.learn4change.gr/files/statues-photos/thumbnails/grigoriou.png,http://www.learn4change.gr/files/statues-photos/800px/grigoriou.jpg,"40.780407, 21.409722 ",ΓΡΗΓΟΡΙΟΥ ΣΤΕΦΑΝΟΣ,"Ο Καπετάν Στέφος (Στέφανος Γρηγορίου) γεννήθηκε στο Μοναστήρι. Έδρασε ως οδηγός ανταρτικών ομάδων και οπλαρχηγός κατά τον Μακεδονικό αγώνα. Συμμετείχε στους Βαλκανικούς πολέμους, στον αγώνα των Βορειοηπειρωτών για ένωση με την Ελλάδα, στην ανακατάληψη της Φλώρινας το 1916 από τις δυνάμεις της Αντάντ, συγκρότησε ένοπλο σώμα για την αντιμετώπιση ομάδων Βούλγαρων κομιτατζήδων που δρούσαν ανεξέλεγκτα εντός της ελληνικής επικράτειας τη δεκαετία του 1920. Διετέλεσε αξιωματικός της Χωροφυλακής, περίοδος κατά την οποία κατηγορήθηκε για αυθαιρεσίες και πράξεις βίας με ίδιον όφελος. Ανέπτυξε αντιστασιακή δράση κατά την Κατοχή, ένωσε τις δυνάμεις του με αυτές του Ε.Λ.Α.Σ., αλλά δολοφονήθηκε από ελασίτες το 1943.",Βρίσκεται στη νησίδα επί της Οδού Σαρανταπόρου και έχει όψη νότια προς την Οδό Π. Μελά. Στο βόρειο άκρο της νησίδας βρίσκεται η προτομή του Π. Χρήστου.,1960-08-28,Ανθρωπογενή,Μνημεία,Ενοπλη βία,Μακεδονικός αγώνας
http://www.learn4change.gr/files/statues-photos/thumbnails/vevi.png,http://www.learn4change.gr/files/statues-photos/800px/vevi.jpg,"40.781382, 21.413378",ΓΥΝΑΙΚΑ ΤΗΣ ΒΕΥΗΣ,"Ανώνυμη γυναίκα που αγωνίζεται στον Μακεδονικό αγώνα. Το μνημείο είναι, επίσης, γνωστό με τα ονόματα Κόρη της Βεύης, Κόρη του Βορρά, Φλωρινιώτισσα.",Βρίσκεται στο δυτικό άκρο του Πάρκου του Σιδηροδρομικού Σταθμού (Κάτω Μπουάτ) και έχει όψη δυτικά προς τη συμβολή των οδών Ι. Άρτη και Σιδ. Σταθμού.,1964-07-01,Ανθρωπογενή,Μνημεία,Ενοπλη βία,Μακεδονικός αγώνας
http://www.learn4change.gr/files/statues-photos/thumbnails/dragoumis.png,http://www.learn4change.gr/files/statues-photos/800px/dragoumis.jpg,"40.779435, 21.407539",ΔΡΑΓΟΥΜΗΣ ΙΩΝ,"Ο Ίων Δραγούμης (1878-1920) ήταν διπλωμάτης, πολιτικός και λογοτέχνης. Υπήρξε βασικός οργανωτής των ελληνικών κοινοτήτων κατά τον Μακεδονικό αγώνα. Υποστήριξε τη δημιουργία ενός πολυεθνικού ελληνικού κράτους, εκφραζόμενος από το 1908 εναντίον της Μεγάλης Ιδέας. Πρωταγωνίστησε στο γλωσσικό κίνημα του δημοτικισμού, ενώ με το συγγραφικό του έργο άσκησε σημαντική επιρροή στη διαμόρφωση της ελληνικής ιδεολογίας των αρχών του εικοστού αιώνα. Μετά την απόπειρα δολοφονίας του Ε. Βενιζέλου, ο Ίων Δραγούμης ως αντιβενιζελικός συνελήφθη και δολοφονήθηκε από στρατιωτικό σώμα ασφαλείας.","Βρίσκεται στο βόρειο μέρος της Πλατείας Γ. Μόδη, μαζί τις προτομές του Λ. Πύρζα, Γ. Μόδη και Ν. Παπαδόπουλου και έχει όψη ανατολικά προς την οδό 25ης Μαρτίου.",2012-07-01,Ανθρωπογενή,Μνημεία,Ενοπλη βία,Μακεδονικός αγώνας
http://www.learn4change.gr/files/statues-photos/thumbnails/zois.png,http://www.learn4change.gr/files/statues-photos/800px/zois.jpg,"40.783044, 21.405484",ΖΩΗΣ ΑΝΤΩΝΙΟΣ,"Ο Καπετάν Ζώης, ψευδώνυμο του Αντώνιου Ζώη (1869-1941), καταγόταν από το Μοναστήρι. Υπήρξε οπλαρχηγός στον Μακεδονικό αγώνα και ανέπτυξε δράση στην περιοχή του Μοριβόχου. Μετά την Απελευθέρωση του 1912 έζησε στη Φλώρινα, όπου και αυτοκτόνησε το 1941.","Κινούμενοι προς τα δυτικά επί της λεωφόρου Κ. Καραμανλή, μετά τη συμβολή με την οδό Δήμητρας, στην αρχή της πρώτης διαχωριστικής νησίδας αντικρίζουμε την προτομή του Α. Ζώη που κοιτάζει προς τα ανατολικά. Επί της λεωφόρου Κ. Καραμανλή βρίσκονται δύο προτομές μακεδονομάχων, του Ζώη και του Σούλιου, δύο μνημεία, για τη Γενοκτονία των Ποντίων και την Ελληνική Χωροφυλακή και η προτομή του Καστρισιανάκη.",1960-08-28,Ανθρωπογενή,Μνημεία,Ενοπλη βία,Μακεδονικός αγώνας
http://www.learn4change.gr/files/statues-photos/thumbnails/ioannidis.png,http://www.learn4change.gr/files/statues-photos/800px/ioannidis.jpg,"40.780371, 21.40042",ΙΩΑΝΝΙΔΗΣ ΙΩΑΝΝΗΣ,"Ο Ιωάννης Ιωαννίδης από την Κιουτάχεια της Μικράς Ασίας, το 1904 έρχεται στο Τσοτύλι για να συνεχίσει τις σπουδές του στο Γυμνάσιο  Τσοτυλίου. Συμμετέχει στον Μακεδονικό αγώνα με το σώμα του οπλαρχηγού Σκαλίδη στην περιοχή Μοριχόβου. Σκοτώθηκε, όπως και όλο το σώμα του Σκαλίδη, κατά τη διάρκεια μάχης με Οθωμανούς στρατιώτες το 1906.",Βρίσκεται στη διασταύρωση των οδών Κιουταχείας & Μαγνησίας και έχει όψη προς τα νότια.,1976-12-05,Ανθρωπογενή,Μνημεία,Ενοπλη βία,Μακεδονικός αγώνας
http://www.learn4change.gr/files/statues-photos/thumbnails/kotas1.png,http://www.learn4change.gr/files/statues-photos/800px/kotas1.jpg,"40.78203, 21.40829",ΚΑΠΕΤΑΝ ΚΩΤΤΑΣ,"Ο Ρίστο Κότε (Κωνσταντίνος - Κώττας Χρήστου) (1863-1905), ήταν οπλαρχηγός και πρωτεργάτης του Μακεδονικού αγώνα στην περιοχή των Κορεστείων.","Βρίσκεται στα ανατολικά του πάρκου του Διοικητηρίου, με κατεύθυνση προς τα νότια. Στην ίδια αυλή υπάρχει το άγαλμα της Αρκούδας και η προτομή του Κ. Κανάρη.",2001-10-14,Ανθρωπογενή,Μνημεία,Ενοπλη βία,Μακεδονικός αγώνας
http://www.learn4change.gr/files/statues-photos/thumbnails/soulios.png,http://www.learn4change.gr/files/statues-photos/800px/soulios.jpg,"40.781082, 21.399018",ΚΑΠΕΤΑΝ ΣΟΥΛΙΟΣ,Ο Γεώργιος Σούλιος (1885-1927) ήταν οπλαρχηγός από την περιοχή της Κορυτσάς. Διακρίθηκε για τη συμμετοχή του στον Μακεδονικό και στον Βορειοηπειρωτικό αγώνα. Τον Μάρτιο του 1914 υπήρξε ένας από τους ηγέτες της αποτυχημένης εξέγερσης της Κορυτσάς.,"Κινούμενοι προς τα ανατολικά αμέσως μετά τη συμβολή της Λεωφόρου Κ. Καραμανλή με την Οδό Αριστοτέλους, στην αρχή της πρώτης διαχωριστικής νησίδας αντικρίζουμε την προτομή του Γ. Σούλιου που έχει όψη προς τα δυτικά. Επί της λεωφόρου Κ. Καραμανλή βρίσκονται δύο προτομές μακεδονομάχων, του Ζώη και του Σούλιου, δύο μνημεία, για τη Γενοκτονία των Ποντίων και την Ελληνική Χωροφυλακή και η προτομή του Καστρισιανάκη.",1962-08-26,Ανθρωπογενή,Μνημεία,Ενοπλη βία,Μακεδονικός αγώνας
http://www.learn4change.gr/files/statues-photos/thumbnails/karavitis.png,http://www.learn4change.gr/files/statues-photos/800px/karavitis.jpg,"40.778529, 21.403168",ΚΑΡΑΒΙΤΗΣ ΙΩΑΝΝΗΣ,"Ο Ιωάννης Καραβίτης (1883-1949), γεννημένος στην Ανώπολη των Σφακίων Κρήτης, υπήρξε καπετάνιος επικεφαλής σώματος Κρητών και Μακεδόνων και κατέγραψε στα <i>Απομνημονεύματά</i> του όσα έζησε κατά τον Μακεδονικό αγώνα.","Βρίσκεται στην τριγωνική νησίδα που σχηματίζουν οι οδοί Μ. Αλεξάνδρου, Κ. Πούλακα και Π. Νερέτης και έχει όψη βόρεια προς την Μ. Αλεξάνδρου.",1960-08-28,Ανθρωπογενή,Μνημεία,Ενοπλη βία,Μακεδονικός αγώνας
http://www.learn4change.gr/files/statues-photos/thumbnails/kotas2.png,http://www.learn4change.gr/files/statues-photos/800px/kotas2.jpg,"40.781464, 21.409124",ΚΩΤΤΑΣ ΠΡΩΤΟΣ ΜΑΚΕΔΟΝΟΜΑΧΟΣ,"Ο Ρίστο Κότε (Κωνσταντίνος - Κώττας Χρήστου) (1863-1905), ήταν οπλαρχηγός και πρωτεργάτης του Μακεδονικού αγώνα στην περιοχή των Κορεστείων.<br> Ο ανδριάντας τοποθετήθηκε αρχικά (1961) στις νησίδες της Οδού Ιωάννου Άρτη, στο ύψος του πάρκου του Σιδηροδρομικού Σταθμού. Το 1993-1994 αφαιρέθηκε από την αρχική του θέση και μεταφέρθηκε στις αποθήκες του Δήμου Φλώρινας. Τοποθετήθηκε στην τωρινή του θέση στις αρχές του 2002.","Βρίσκεται στο νοτιοδυτικό άκρο του Νέου Πάρκου, μαζί με το άγαλμα του Θνήσκοντα Πολεμιστή. Αρχικά, το 1961 είχε τοποθετηθεί στη νησίδα της Οδού Ι. Άρτη, το 1993 μετακινήθηκε, βρέθηκε στις αποθήκες του Δήμου και το 2002 τοποθετήθηκε στο Νέο Πάρκο.",2006-07-01,Ανθρωπογενή,Μνημεία,Ενοπλη βία,Μακεδονικός αγώνας
http://www.learn4change.gr/files/statues-photos/thumbnails/modis.png,http://www.learn4change.gr/files/statues-photos/800px/modis.jpg,"40.779417, 21.40756",ΜΟΔΗΣ ΓΕΩΡΓΙΟΣ,"Ο Γεώργιος Μόδης (1887 - 1975) ήταν πολιτικός και ένας από τους κυριότερους συγγραφείς του Μακεδονικού αγώνα, στον οποίο έλαβε μέρος. ","Βρίσκεται στο βόρειο μέρος της Πλατείας Γ. Μόδη, μαζί τις προτομές του Λ. Πύρζα, Ι. Δραγούμη και Ν. Παπαδόπουλου και έχει όψη ανατολικά προς την οδό 25ης Μαρτίου.",2012-07-01,Ανθρωπογενή,Μνημεία,Ενοπλη βία,Μακεδονικός αγώνας
http://www.learn4change.gr/files/statues-photos/thumbnails/pirzas.png,http://www.learn4change.gr/files/statues-photos/800px/pirzas.jpg,"40.779433, 21.407392",ΠΥΡΖΑΣ ΝΙΚΟΛΑΟΣ,Ο Νικόλαος (Λάκης) Πύρζας (1880-1947) συμμετείχε στις περιοδείες του Παύλου Μελά και ανέπτυξε αντάρτικη δράση κατά τη διάρκεια του Μακεδονικού αγώνα.,"Βρίσκεται στο βόρειο μέρος της Πλατείας Γ. Μόδη, μαζί τις προτομές του Ν. Παπαδόπουλου, Ι. Δραγούμη και Γ. Μόδη και έχει όψη προς τα βόρεια, προς την οδό Μεγάλου Αλεξάνδρου.",1960-08-28,Ανθρωπογενή,Μνημεία,Ενοπλη βία,Μακεδονικός αγώνας
http://www.learn4change.gr/files/statues-photos/thumbnails/xristou.png,http://www.learn4change.gr/files/statues-photos/800px/xristou.jpg,"40.781007, 21.409341",ΧΡΗΣΤΟΥ ΠΕΤΡΟΣ,"Ο Πέτρος Χρήστου (1887-1908) κατά τη διάρκεια του Μακεδονικού αγώνα εντάχθηκε στο ένοπλο σώμα του Καπετάν Βολάνη, ενώ συνεργάστηκε και με τον Γ. Δικώνυμο Μακρή. Το 1906 σχημάτισε δικό του ένοπλο σώμα, έδρασε κυρίως στην περιοχή Μοριχόβου, συνεργαζόμενος πολλές φορές με τον οπλαρχηγό Σίμο Ιωαννίδη και τον Καπετάν Βάρδα. Το 1907 ανέλαβε την περιοχή Πρεσπών, Φλώρινας και νοτίου Μοριχόβου με βάση τον Βαρνούντα. Το 1908 μετά από συμπλοκή με Οθωμανικό απόσπασμα συνελήφθη και απαγχονίστηκε στο Μοναστήρι.",Βρίσκεται στη νησίδα επί της Οδού Σαρανταπόρου και έχει όψη βόρεια προς την Οδό Καστρισιανάκη. Στο νότιο άκρο της νησίδας βρίσκεται η προτομή του Σ. Γρηγορίου.,1960-08-28,Ανθρωπογενή,Μνημεία,Ενοπλη βία,Μακεδονικός αγώνας
http://www.learn4change.gr/files/statues-photos/thumbnails/mitera_polyteknoi.png,http://www.learn4change.gr/files/statues-photos/800px/mitera_polyteknoi.jpg,"40.786212, 21.417219 ",ΠΟΛΥΤΕΚΝΗ ΜΗΤΕΡΑ,"Κεντρική γυναικεία μορφή σε πλάγια θέση, με τέσσερα παιδιά","Με όψη προς τα δυτικά, βρίσκεται στο βορειοδυτικό άκρο της (ανώνυμης) Πλατείας που σχηματίζεται από τις οδούς Μοναστηρίου και Δημάρχου Αναστασίου Κωτσόπουλου.",2005-11-07,Ανθρωπογενή,Μνημεία,Γενικές έννοιες,Μητρότητα
http://www.learn4change.gr/files/statues-photos/thumbnails/elliniki_astynomia.png,http://www.learn4change.gr/files/statues-photos/800px/elliniki_astynomia.jpg,"40.79007, 21.415315",ΕΛΛΗΝΙΚΗ ΑΣΤΥΝΟΜΙΑ,Στήλη αφιερωμένη στη μνήμη αστυνομικών που θυσιάστηκαν κατά την εκτέλεση του καθήκοντός τους.,"Το μνημείο είναι τοποθετημένο στην αυλή, στη βορειοδυτική γωνία του κτιρίου της Διεύθυνσης Αστυνομίας Φλώρινας με πρόσοψη προς τα δυτικά.",2000-09-14,Ανθρωπογενή,Μνημεία,ασφάλεια,Μνήμη
http://www.learn4change.gr/files/statues-photos/thumbnails/xorofilaki.png,http://www.learn4change.gr/files/statues-photos/800px/xorofilaki.jpg,"40.783555, 21.410991",ΣΩΜΑΤΑ ΑΣΦΑΛΕΙΑΣ,"Η Ελληνική Χωροφυλακή ήταν σώμα ασφάλειας της Ελλάδας που συστήθηκε με βασιλικό διάταγμα το 1833. Το 1984 συγχωνεύθηκε με την Αστυνομία Πόλεων σε ενιαίο αστυνομικό σώμα με την ονομασία Ελληνική Αστυνομία (ΕΛ.ΑΣ.). Η Αγροφυλακή είχε ως σκοπό την τήρηση της δημόσιας τάξης και την πρόληψη του εγκλήματος σε αγροτικές περιφέρειες και χώρους. Σε κάθε πλευρά του μνημείου αναγράφεται και ένα σώμα ασφαλείας: μπροστά Χωροφυλακή, πίσω Αστυνομία, δεξιά Αγροφυλακή, αριστερά Πυροσβεστική.","Το μνημείο της Ελληνικής Χωροφυλακής βρίσκεται στη συμβολή της Λ. Κ. Καραμανλή με την οδό Αγνώστου Στρατιώτη, με πρόσοψη νότια προς την Κ. Καραμανλή. Επί της λεωφόρου Κ. Καραμανλή βρίσκονται δύο προτομές μακεδονομάχων, του Ζώη και του Σούλιου, δύο μνημεία, για τη Γενοκτονία των Ποντίων και την Ελληνική Χωροφυλακή και η προτομή του Καστρισιανάκη.",2006-09-26,Ανθρωπογενή,Μνημεία,ασφάλεια,Μνήμη
https://www.learn4change.gr/files/statues-photos/thumbnails/thomaidis.png,https://www.learn4change.gr/files/statues-photos/800px/thomaidis.jpg,"40.777851164414464, 21.404148973562226",ΘΩΜΑΪΔΗΣ ΘΕΟΔΩΡΟΣ,"Ο Θεόδωρος Θωμαΐδης υπήρξε μαέστρος της χορωδίας του Φ.Σ.Φ. <i>Αριστοτέλης</i> της Φλώρινας. Απαγχονίστηκε, μαζί με άλλους 14, από τα γερμανικά στρατεύματα Κατοχής στις 9 Αυγούστου 1943 κοντά στο χωριό Κλαδοράχη Φλώρινας.","Με όψη προς τα νότια, αποτελεί μέρος μνημειακού συνόλου που βρίσκεται στο ανατολικό μέρος της Πλατείας Επτά Ηρώων, στην αυλή μπροστά από το κτίριο του Φ.Σ.Φ. <i>Ο Αριστοτέλης</i>  και εν μέρει στην Πλατεία, μαζί με τον ανδριάντα του Αριστοτέλη, το μνημείο των Επτά Ηρώων και το άγαλμα του νέου, έξω από την αυλή. ",2021-07-01,Ανθρωπογενή,Μνημεία,Γράμματα - επιστήμες - τέχνες,Μουσική
http://www.learn4change.gr/files/statues-photos/thumbnails/dosiou-vyzantis.png,http://www.learn4change.gr/files/statues-photos/800px/dosiou-vyzantis.jpg,"40.775252, 21.404006",ΔΟΣΙΟΥ ΜΙΧΑΗΛ - ΒΥΖΑΝΤΗΣ ΗΛΙΑΣ,"Παρουσιάζει δύο μορφές: Μιχαήλ Γ. Δοσίου, φαρμακοποιός, 1885-1974, δωρητής κτήματος. Ηλίας Ι. Βυζάντης, ζωγράφος, 1910-1980, ιδρυτής Φ.Ο.Ο.Φ.","Βρίσκεται στην αυλή, στη νοτιοανατολική γωνία του τουριστικού περιπτέρου του Φυσιολατρικού Ορειβατικού Ομίλου Φλώρινας (Φ.Ο.Ο.Φ.).",2000-07-01,Ανθρωπογενή,Μνημεία,Γενικές έννοιες,Προσφορά
http://www.learn4change.gr/files/statues-photos/thumbnails/tsamis.png,http://www.learn4change.gr/files/statues-photos/800px/tsamis.jpg,"40.782158, 21.408695",ΤΣΑΜΗΣ ΠΑΥΛΟΣ,"Ο Παύλος Τσάμης, αξιωματικός του ελληνικού στρατού, γεννήθηκε στο Πισοδέρι το 1914. Αποφοίτησε από τη Μοδέστειο Σχολή του χωριού του και τη Σχολή Ευελπίδων. Υπηρέτησε στη Σχολή Άμυνας του ΝΑΤΟ στο Παρίσι και ασχολήθηκε με τα πυρηνικά όπλα. Το 1963 προήχθη στον βαθμό του Ταξίαρχου. Στη συνέχεια παραιτήθηκε, ανέλαβε τη συγκρότηση της Διεύθυνσης Απόδημων Μακεδόνων και διετέλεσε διευθυντής του Κέντρου Απόδημων Μακεδόνων από το 1966 μέχρι τον θάνατό του το 1975. Για τα αποκαλυπτήρια της προτομής του Παύλου Τσάμη βλ. <i>Φωνή της Φλωρίνης</i>, φ. 975, 7/8/1981, σ. 1.",Βρίσκεται στο δυτικό άκρο της νησίδας που εκτείνεται κατά μήκος της βόρειας πλευράς της Λ. Μακεδομάχων και κοιτάζει προς τα δυτικά. Στο ανατολικό άκρο της ίδιας νησίδας βρίσκεται Επιτύμβια Στήλη της ρωμαϊκής περιόδου.,1981-08-08,Ανθρωπογενή,Μνημεία,Γενικές έννοιες,Προσφορά
http://www.learn4change.gr/files/statues-photos/thumbnails/venizelos.png,http://www.learn4change.gr/files/statues-photos/800px/venizelos.jpg,"40.782469, 21.413644",ΒΕΝΙΖΕΛΟΣ ΕΛΕΥΘΕΡΙΟΣ,Ο Ελευθέριος Βενιζέλος (1864-1936) ήταν πολιτικός που διετέλεσε πρωθυπουργός της Κρητικής Πολιτείας και επτά φορές πρωθυπουργός της Ελλάδας. Ως πολιτικός διαδραμάτισε σημαντικό ρόλο στο Κρητικό Ζήτημα καθώς και στα πολιτικά δρώμενα της Ελλάδας από το 1910 έως τον θάνατό του το 1936.,"Βρίσκεται στην πλατεία Μεγάλου Αλεξάνδρου στην είσοδο της πόλης, δυτικά από τον Κύκλο. Κοιτάζει νότια. Στην ίδια Πλατεία βρίσκεται το άγαλμα της Αρκούδας Κοντράλτο και μια Επιτύμβια Στήλη της Ρωμαϊκής εποχής.",2012-11-11,Ανθρωπογενή,Μνημεία,Πολιτική,Πρωθυπουργός
http://www.learn4change.gr/files/statues-photos/thumbnails/aggelopoulos.png,http://www.learn4change.gr/files/statues-photos/800px/aggelopoulos.jpg,"40.78445614505267, 21.40621791786125",ΑΓΓΕΛΟΠΟΥΛΟΣ ΘΕΟΔΩΡΟΣ,"Ο Θόδωρος Αγγελόπουλος (Αθήνα, 27 Απριλίου 1935 - 24 Ιανουαρίου 2012) ήταν Έλληνας σκηνοθέτης, σεναριογράφος και παραγωγός κινηματογράφου. Έχει τιμηθεί με βραβεία στην Ελλάδα και το εξωτερικό για την προσφορά του στον κινηματογράφο, με σπουδαιότερο της καλύτερης ταινίας με τον Χρυσό Φοίνικα στο Φεστιβάλ των Καννών το 1998 για την ταινία Μία αιωνιότητα και μία μέρα. Ανάμεσα στις πιο γνωστές ταινίες του είναι: Τοπίο στην Ομίχλη, Μία αιωνιότητα και μία μέρα, Ο Θίασος, Το Βλέμμα του Οδυσσέα και Ο Μεγαλέξαντρος.","Βρίσκεται στο φουαγέ του Πολιτιστικού Κέντρου Φλώρινας, δεξιά καθώς μπαίνουμε από την είσοδο.",2017-02-01,Ανθρωπογενή,Μνημεία,Γράμματα - επιστήμες - τέχνες,Τέχνη
http://www.learn4change.gr/files/statues-photos/thumbnails/stratiotis.png,http://www.learn4change.gr/files/statues-photos/800px/stratiotis.jpg,"40.777921, 21.394742",ΕΛΛΑΣ ΣΤΕΦΑΝΩΝΕΙ ΣΤΡΑΤΙΩΤΗ,Μνημείο αφιερωμένο στον άγνωστο στρατιώτη.,Βρίσκεται στο κέντρο της Πλατείας Ηρώων με πρόσοψη βόρεια προς την Οδό Ηπείρου.,1965-07-01,Ανθρωπογενή,Μνημεία,Γενικές έννοιες,Τιμή
http://www.learn4change.gr/files/statues-photos/thumbnails/efedros.png,http://www.learn4change.gr/files/statues-photos/800px/efedros.jpg,"40.778051, 21.410052",ΕΦΕΔΡΟΣ ΑΞΙΩΜΑΤΙΚΟΣ,Το μνημείο αποδίδει τιμή στην έννοια του έφεδρου αξιωματικού. Ανεγέρθηκε μετά από απόφαση του Συνδέσμου Εφέδρων Αξιωματικών Φλώρινας.,Βρίσκεται στο κέντρο της Πλατείας Εφέδρων Αξιωματικών με πρόσοψη βόρεια προς την οδό Αυγουστίνου Καντιώτη.,1998-11-07,Ανθρωπογενή,Μνημεία,Γενικές έννοιες,Τιμή
http://www.learn4change.gr/files/statues-photos/thumbnails/thniskon.png,http://www.learn4change.gr/files/statues-photos/800px/thniskon.jpg,"40.781455, 21.409274",ΘΝΗΣΚΩΝ ΠΟΛΕΜΙΣΤΗΣ,"Ορειχάλκινη κυβιστική σύνθεση, που παριστάνει τον πληγωμένο πολεμιστή, χωρίς συγκεκριμένη μορφή. Δημιουργήθηκε ως μνημείο του αγνώστου στρατιώτη ή των πεσόντων στην πόλη της Φλώρινας. Οι Φλωρινιώτες δέχθηκαν σιωπηλά το έργο, καθώς υπήρξε αντίδραση από τον μητροπολίτη Αυγουστίνο Καντιώτη, ο οποίος δήλωσε πως δεν έχει τίποτε πατριωτικό επάνω του, το χαρακτήρισε αφηρημένη τέχνη, χωρίς κανένα ελληνικό στοιχείο, το οποίο θα μπορούσε να τοποθετηθεί οπουδήποτε αλλού στον κόσμο. Ζήτησε την ανέγερση νέου μνημείου έλληνα ήρωα. Ο Θνήσκων Πολεμιστής, μαζί με το άλλο έργο του Δημήτρη Καλαμάρα, τον Καπετάν Κώττα, βρέθηκε στια αποθήκες του Δήμου για αρκετά χρόνια. Επανατοποθετήθηκαν δίπλα το ένα στο άλλο και τα δύο στο Νέο Παρκο της Φλώρινας το 2006.","Βρίσκεται στο νοτιοδυτικό άκρο του Νέου Πάρκου, μαζί με τον ανδριάντα του Μακεδονομάχου Κώττα. Αρχικά είχε τοποθετηθεί στην Πλατεία Γ. Μόδη (παλαιότερα Ομονοίας), το 1993 μετακινήθηκε, βρέθηκε στις αποθήκες του Δήμου και το 2002 τοποθετήθηκε στο Νέο Πάρκο.",1971-11-08,Ανθρωπογενή,Μνημεία,Γενικές έννοιες,Τιμή
http://www.learn4change.gr/files/statues-photos/thumbnails/papas.png,http://www.learn4change.gr/files/statues-photos/800px/papas.jpg,"40.77820802283177, 21.40633025378441",ΟΡΘΟΔΟΞΟΣ ΚΛΗΡΙΚΟΣ,Μνημείο που αναπαριστά ιερέα.,"Βρίσκεται στον αύλειο χώρο της εκκλησίας του Αγίου Παντελεήμονα, στη νοτιοανατολική του γωνία και κοιτάζει νότια. Στην ίδια αυλή και μπροστά από το Μητροπολιτικό Μέγαρο βρίσκεται η προτομή του Αυγ. Καντιώτη και ο αναθηματικός τοίχος για την Απελευθέρωση της Φλώρινας.",1999-07-04,Ανθρωπογενή,Μνημεία,Γενικές έννοιες,Τιμή
http://www.learn4change.gr/files/statues-photos/thumbnails/makris.png,http://www.learn4change.gr/files/statues-photos/800px/makris.jpg,"40.78112, 21.413729",ΜΑΚΡΗΣ ΔΗΜΗΤΡΙΟΣ,"Ο Δημήτριος (Τάκος) Μακρής (1910-1981) γεννήθηκε στο Μοναστήρι και σε μικρή ηλικία ήρθε στη Φλώρινα. Σπούδασε νομικά και άσκησε το δικηγορικό επάγγελμα στη Θεσσαλονίκη. Εκλέχθηκε βουλευτής Φλώρινας με την Ε.Ρ.Ε. από το 1956 έως το 1967 και από το 1974 έως το 1977. Διετέλεσε υπουργός Εσωτερικών (1956-1961), υπουργός Προεδρίας της Κυβερνήσεως (1961-1963).","Βρίσκεται στη νησίδα της οδού Σιδ. Σταθμού, μπροστά από την πόρτα του Αρχαιολογικού Μουσείου. Κοιτάζει βόρεια.",1993-07-01,Ανθρωπογενή,Μνημεία,Πολιτική,Υπουργός
http://www.learn4change.gr/files/statues-photos/thumbnails/aristotelis.png,http://www.learn4change.gr/files/statues-photos/800px/aristotelis.jpg,"40.777789, 21.40428",ΑΡΙΣΤΟΤΕΛΗΣ,Ο Αριστοτέλης (384 π.Χ. - 322 π.Χ.) ήταν αρχαίος Έλληνας φιλόσοφος και πολυεπιστήμονας.,"Με όψη προς τα ανατολικά, αποτελεί μέρος μνημειακού συνόλου που βρίσκεται στο ανατολικό μέρος της Πλατείας Επτά Ηρώων, στην αυλή μπροστά από το κτίριο του Φ.Σ.Φ. <i>Ο Αριστοτέλης</i> και εν μέρει στην Πλατεία, μαζί με το Μνημείο των Επτά Ηρώων, την προτομή του Θεόδωρου Θωμαΐδη και το άγαλμα του νέου, έξω από την αυλή. ",2013-05-01,Ανθρωπογενή,Μνημεία,Γράμματα - επιστήμες - τέχνες,Φιλοσοφία
http://www.learn4change.gr/files/statues-photos/thumbnails/aristotelis1.png,http://www.learn4change.gr/files/statues-photos/800px/aristotelis1.jpg,"40.78451199462292, 21.406213894547605",ΑΡΙΣΤΟΤΕΛΗΣ Ο ΣΤΑΓΕΙΡΙΤΗΣ,Ο Αριστοτέλης (384 π.Χ. - 322 π.Χ.) ήταν αρχαίος Έλληνας φιλόσοφος και πολυεπιστήμονας.,"Βρίσκεται στο φουαγέ του Πολιτιστικού Κέντρου Φλώρινας, απέναντι από την είσοδο και δεξιά του ανάγλυφου που απεικονίζει τον ίδιο να διδάσκει τον Μέγα Αλέξαντρο.",1969-07-01,Ανθρωπογενή,Μνημεία,Γράμματα - επιστήμες - τέχνες,Φιλοσοφία
http://www.learn4change.gr/files/statues-photos/thumbnails/arkouda.png,http://www.learn4change.gr/files/statues-photos/800px/arkouda.jpg,"40.781874, 21.408073",ΑΡΚΟΥΔΑ,"Η καφέ αρκούδα είναι θηλαστικό ζώο και στην Ελλάδα ζει κυρίως στις δυτικές και βορειοδυτικές περιοχές. Τρέφεται με φυτά, ψάρια, μέλι, πτηνά και τρωκτικά. Έχει οξεία όσφρηση και ασθενή όραση. Τα μικρά γεννιούνται τον χειμώνα, ζυγίζουν μερικές εκατοντάδες γραμμάρια και μένουν με την μητέρα τους πάνω από δύο χρόνια.","Βρίσκεται στο νότιο και κεντρικό μέρος του πάρκου του Διοικητηρίου, με κατεύθυνση προς τα ανατολικά. Στην ίδια αυλή υπάρχουν οι προτομές του Κ. Κανάρη και  του Καπετάν Κώττα.",2010-10-15,Ανθρωπογενή,Μνημεία,Γενικές έννοιες,Φύση
http://www.learn4change.gr/files/statues-photos/thumbnails/neos.png,http://www.learn4change.gr/files/statues-photos/800px/neos.jpg,"40.777769, 21.404449",ΠΗΓΗ ΣΑΚΟΥΛΕΒΑ,"Νέος που κρατά λαγήνι σε θέση που αδειάζει. Στην ανατολική πλευρά του βάθρου και στο κάτω μέρος, υπήρχαν δύο μαρμάρινες πλάκες οι οποίες δεν υφίστανται πλέον. Αυτή στ' αριστερά πληροφορούσε για τον τίτλο του αγάλματος, ""Πηγή Σακουλέβα"", ενώ η άλλη στα δεξιά πληροφορούσε ότι ανεγέρθηκε ""Επί Δημάρχου Στεφάνου Παπαναστασίου 12-12-2009"".","Αποτελεί μέρος μνημειακού συνόλου που βρίσκεται στο ανατολικό μέρος της Πλατείας Επτά Ηρώων, στην αυλή μπροστά από το κτίριο του Φ.Σ.Φ. <i>Ο Αριστοτέλης</i> και εν μέρει στην Πλατεία, μαζί με το μνημείο των Επτά Ηρώων, τον ανδριάντα του Αριστοτέλη και την προτομή του Θεόδωρου Θωμαΐδη.",2009-12-12,Ανθρωπογενή,Μνημεία,Γενικές έννοιες,Φύση
http://www.learn4change.gr/files/statues-photos/thumbnails/kontralto.png,http://www.learn4change.gr/files/statues-photos/800px/kontralto.jpg,"40.783007, 21.414016",ΚΟΝΤΡΑΛΤΟ,"Η αρκούδα με το κοντραμπάσο. Έργο του Φλωρινιώτη Γιώργου Μπαρδάκα, στο πλαίσιο της πτυχιακής του εργασίας στο εργαστήριο γλυπτικής του τμήματος Εικαστικών και Εφαρμοσμένων Τεχνών. Οι διαστάσεις του έργου είναι: 3,10m. x 1,90m. x 5,15m. Για την κατασκευή χρησιμοποιήθηκαν μεταξύ άλλων 2.310 κ. παλιοσίδερα (scrap), λαμαρίνες, ράβδοι, ελάσματα, μπίλιες ρουλεμάν, συρματόσχοινα, σφιγκτήρες χαλκού, μαγνήτες, μεντεσέδες πόρτας, γωνίες, δοκοί κ.ά.",Βρίσκεται στην πλατεία Μεγάλου Αλεξάνδρου (Κύκλος) στην είσοδο της πόλης. Κοιτάζει ανατολικά. Στην ίδια Πλατεία βρίσκεται η προτομή του Ε. Βενιζέλου και μια Επιτύμβια Στήλη της Ρωμαϊκής εποχής.,2015-07-01,Ανθρωπογενή,Μνημεία,Γράμματα - επιστήμες - τέχνες,Φύση
